number of threads, flops time, gflops, iops time, giops
1 3.576285 6.431255 3.720555 6.181873
2 7.152224 6.431566 7.379804 6.233228
4 14.304816 6.431400 14.820472 6.207630
